form	status	emphasis	"meaning change"	type	novel	lineno	matchno	sent
0				0	Abdolah_Koning	5	1	"Ahuramazda zegende de Koe : ' We hebben niemand als baas over jou aangesteld , Wij hebben jou voor hen geschapen die op de viervoeters passen en voor degenen die hun weilanden verzorgen . '"
1	1			0	Abdolah_Koning	5	2	"Ahuramazda zegende de Koe : ' We hebben niemand als baas over jou aangesteld , Wij hebben jou voor hen geschapen die op de viervoeters passen en voor degenen die hun weilanden verzorgen . '"
1	1			0	Abdolah_Koning	5	3	"Ahuramazda zegende de Koe : ' We hebben niemand als baas over jou aangesteld , Wij hebben jou voor hen geschapen die op de viervoeters passen en voor degenen die hun weilanden verzorgen . '"
1	1			0	Abdolah_Koning	5	4	"Ahuramazda zegende de Koe : ' We hebben niemand als baas over jou aangesteld , Wij hebben jou voor hen geschapen die op de viervoeters passen en voor degenen die hun weilanden verzorgen . '"
1	2			0	Abdolah_Koning	5	5	"Ahuramazda zegende de Koe : ' We hebben niemand als baas over jou aangesteld , Wij hebben jou voor hen geschapen die op de viervoeters passen en voor degenen die hun weilanden verzorgen . '"
1				1	Abdolah_Koning	5	6	"Ahuramazda zegende de Koe : ' We hebben niemand als baas over jou aangesteld , Wij hebben jou voor hen geschapen die op de viervoeters passen en voor degenen die hun weilanden verzorgen . '"
1				1	Abdolah_Koning	14	1	"Op een ochtend , de zon was net opgekomen , kreeg hij van de vrouwen en hun kinderen een kroon van jonge takken en geurige bloemen ."
1	1	1		0	Abdolah_Koning	16	1	"Verleen mij uw kracht opdat ik leiding mag geven aan alles wat stilstaat en alles wat beweegt op aarde . '"
1	2			0	Abdolah_Koning	20	1	"Een van hen was Astyages , de koning van de Meden , die heerste over de Perzen ."
0	1			0	Abdolah_Koning	23	1	"Ze zeiden dat zijn dochter , die de vrouw van een prins van de onderworpen Perzen was , een zoon zou baren die de koning van zijn troon zou stoten ."
1	2			0	Abdolah_Koning	28	1	"Alle koningen , gezeten op tronen , van de Opper-Zee tot de Beneden-Zee en zij die in verafgelegen gebieden leven , en de koningen van het Westen die in tenten wonen , brachten allemaal hun dierbare schatten voor mij ."
1				1	Abdolah_Koning	28	2	"Alle koningen , gezeten op tronen , van de Opper-Zee tot de Beneden-Zee en zij die in verafgelegen gebieden leven , en de koningen van het Westen die in tenten wonen , brachten allemaal hun dierbare schatten voor mij ."
1	2			0	Abdolah_Koning	28	3	"Alle koningen , gezeten op tronen , van de Opper-Zee tot de Beneden-Zee en zij die in verafgelegen gebieden leven , en de koningen van het Westen die in tenten wonen , brachten allemaal hun dierbare schatten voor mij ."
1				0	Abdolah_Koning	29	1	"En in Babylon kusten zij mijn voeten . '"
0				0	Abdolah_Koning	36	1	"De Grieken wisten dat ze de oorlog nooit zouden winnen , maar de goden gingen aan hun kant staan ."
1				1	Abdolah_Koning	36	2	"De Grieken wisten dat ze de oorlog nooit zouden winnen , maar de goden gingen aan hun kant staan ."
0				0	Abdolah_Koning	37	1	"Geheel onverwacht braken ze het almachtige leger van de Perzen en de koning vluchtte ."
0				0	Abdolah_Koning	39	1	"Ze hadden liever gezien dat hij sneuvelde , dat hij gevangengenomen werd of in stukken werd gehakt ."
1				1	Abdolah_Koning	46	1	"Enkele eeuwen daarna vielen de mohammedanen met hun versgeschreven Koran het verzwakte Perzische Rijk binnen ."
0				0	Abdolah_Koning	47	1	"Ze wisten in drie weken de macht te grijpen ."
1				1	Abdolah_Koning	53	1	"Weer later trok Dzjengis Khan van het oosten naar het westen , waarbij hij het land van de Perzen vernielde zodat er niets meer overbleef van hun oude glorie ."
0				0	Abdolah_Koning	64	1	"Maar ze kwamen niet op het idee om een bezoek aan de hoge ijzeren toren te brengen ."
1				1	Abdolah_Koning	75	1	"In het noorden van de stad woonden prinsen in bijzondere landhuizen , en in het centrum hadden de rijke handelaren ruime huizen gebouwd voor hun grote families ."
0	1			0	Abdolah_Koning	76	1	"De rest van de bewoners werkte voor de handelaren van de bazaar , of ze hadden kleine winkels en werkplaatsen waar ze handarbeid verrichtten ."
0	1			0	Abdolah_Koning	76	1	"De rest van de bewoners werkte voor de handelaren van de bazaar , of ze hadden kleine winkels en werkplaatsen waar ze handarbeid verrichtten ."
1				1	Abdolah_Koning	77	1	"Er was ook een massa werkloze mensen die uit de dorpen naar Teheran waren gekomen om hun geluk te zoeken ."
1				1	Abdolah_Koning	78	1	"In die tijd werd Perzië in het noorden begrensd door Rusland , in het oosten door India en in het zuiden door de Perzische Golf , waarover de Britten met hun grote schepen op en neer naar India voeren ."
1	2			0	Abdolah_Koning	81	1	"Hoewel de overleden koning 375 zonen had , waren slechts acht van hen belangrijk ."
0				0	Abdolah_Koning	87	1	"Ze had een bijzondere status in het koninklijk huis ."
0				0	Abdolah_Koning	88	1	"Ze was de meest directe bloedverwant van de koning ."
1	2	1		0	Abdolah_Koning	95	1	"Ook zij wilden nadrukkelijk deelnemen aan de verplaatsing van de macht ."
0				0	Abdolah_Koning	100	1	"De Russische en Britse vertegenwoordigers in Teheran feliciteerden hem en ze overhandigden hem persoonlijk de geschenken uit Moskou en Londen ."
1	2			0	Bernlef_ZijnDood	3	1	"Hoe lang kan een man of vrouw dood in huis liggen voor hij of zij wordt gevonden ?"
0	2			0	Bernlef_ZijnDood	8	1	"Vaak worden ze pas maanden later gevonden , maar meestal niet later dan zes maanden ."
1				0	Bernlef_ZijnDood	10	1	"Zolang het bank- of girosaldo van de dode maar voldoende is en de rekeningen automatisch worden afgeschreven , zijn zij voor de autoriteiten nog in leven ."
1	1	1		0	Bernlef_ZijnDood	23	1	"En zo kwam de zaak via notariskantoor Wouters en Van Beek bij mij terecht , vennoot van de firma Erf en Recht , gevestigd aan de ijsselkade 13 hier ter stede ."
0				0	Bernlef_ZijnDood	25	1	"We zijn Erf en Recht in 1998 begonnen en leggen ons toe op het opsporen van erfgenamen ."
0				0	Bernlef_ZijnDood	29	1	"Toen ik met de vut ging kwamen we op het idee om een firma te beginnen naar voorbeeld van de Engelse heritage hunters ."
0				0	Bernlef_ZijnDood	30	1	"We speuren erfgenamen op ."
0	1			0	Bernlef_ZijnDood	31	1	"Als we ze vinden berekenen we een percentage van 12 procent over het totaalbedrag van de erfenis na aftrek van successierechten en eventuele schulden ."
0	1			0	Bernlef_ZijnDood	31	2	"Als we ze vinden berekenen we een percentage van 12 procent over het totaalbedrag van de erfenis na aftrek van successierechten en eventuele schulden ."
0	1			0	Bernlef_ZijnDood	31	3	"Als we ze vinden berekenen we een percentage van 12 procent over het totaalbedrag van de erfenis na aftrek van successierechten en eventuele schulden ."
1	1			0	Bernlef_ZijnDood	33	1	"Die hoopt dat wij geen erfgenamen vinden en de erfenis zodoende aan de staat der Nederlanden toevalt ."
0	1			0	Bernlef_ZijnDood	34	1	"Maar dan kennen ze mij niet ."
1	1	1		0	Bernlef_ZijnDood	34	2	"Maar dan kennen ze mij niet ."
1	1	1		0	Bernlef_ZijnDood	35	1	"Als oud-politieman heb ik toegang tot allerlei bronnen waar zij niet zo makkelijk bij komen ."
0				0	Bernlef_ZijnDood	37	1	"Ze hadden een nieuw slot op de deur laten zetten ."
1				0	Bernlef_ZijnDood	51	1	"Aan de achterkant was nog een woonkamer met een boekenkast vol , zo te zien , ongelezen boeken met titels en namen van auteurs die mij niets zeiden , maar dat is niet zo verwonderlijk , ik ben nooit een lezer geweest ."
0	2			2	Bernlef_ZijnDood	56	1	"Aan de dikke laag stof kon je zien dat ze lang niet meer waren gebruikt ."
0	1			3	Bernlef_ZijnDood	56	2	"Aan de dikke laag stof kon je zien dat ze lang niet meer waren gebruikt ."
1				1	Bernlef_ZijnDood	66	1	" U hebt geen idee hoeveel mensen tegenwoordig hun leven te boek stellen zonder dat er een reguliere uitgever voor te vinden is . '"
0	1			0	Bernlef_ZijnDood	68	1	"Ik herinnerde me opmerkingen op verjaardagen vroeger , toen Martha nog leefde ."
0				0	Bernlef_ZijnDood	69	1	"Als ik op mijn praatstoel zat en vertelde over zaken waarbij ik betrokken was geweest , zei er altijd wel iemand : daar zou je een boek over moeten schrijven ."
0	2			2	Bernlef_ZijnDood	75	1	"Bij Roderick kon je je manuscript achterlaten in de zekerheid dat het gedrukt zou worden ."
0	2			1	Bernlef_ZijnDood	75	2	"Bij Roderick kon je je manuscript achterlaten in de zekerheid dat het gedrukt zou worden ."
1				0	Bernlef_ZijnDood	79	1	"Ik keek om mij heen ."
0				0	Bernlef_ZijnDood	96	1	"Het was alsof niemand zich Roderick Vos herinnerde , zelfs als ik ze de foto uit het paspoort liet zien ."
1	2	1		0	Dewulf_KleineDagen	9	1	"Hij doet al dingen die wij nog niet kunnen ."
1		1		0	Dewulf_KleineDagen	11	1	"Hij is een wonder en dat wij hem hebben gemaakt verwondert ons nog het meest ."
1		1		0	Dewulf_KleineDagen	12	1	"Wij wilden geen wonder maken , wij weten wel beter ."
1		1		0	Dewulf_KleineDagen	12	2	"Wij wilden geen wonder maken , wij weten wel beter ."
0				0	Dewulf_KleineDagen	14	1	"Nu staren we naar elkaar en zie , ons wonder zit ons aan te kijken alsof , in zijn kamergrote bestaan , wij het wonder zijn ."
1	2	1		0	Dewulf_KleineDagen	14	2	"Nu staren we naar elkaar en zie , ons wonder zit ons aan te kijken alsof , in zijn kamergrote bestaan , wij het wonder zijn ."
0	2			3	Dewulf_KleineDagen	30	1	"Dan probeert hij ze kort nog eens uit , door ze snel na elkaar te strekken en te buigen ."
0	2			3	Dewulf_KleineDagen	30	2	"Dan probeert hij ze kort nog eens uit , door ze snel na elkaar te strekken en te buigen ."
1	1			0	Dewulf_KleineDagen	31	1	"Hij zegt dan goeiendag tegen zichzelf , vinden wij ."
1	1			0	Dewulf_KleineDagen	32	1	"Zichzelf , dat kent hij nog niet , denken wij ."
1		1		0	Dewulf_KleineDagen	41	1	"Wij weten het niet ."
1				0	Dewulf_KleineDagen	43	1	"Vaak zien wij dat laatste pas op foto's ."
1	2	1		0	Dewulf_KleineDagen	47	1	"Als hij fronst kan hij onnoemelijk oud zijn , gemaakt van babyleer , en getekender dan wij ."
1	2	1		0	Dewulf_KleineDagen	48	1	"Maar leg hem neer in echte lederen handen , van een grootvader , en hij wordt wat hij is : een bijna akelig volledig mensje , dat nu vollediger rust dan wij ooit nog zullen kunnen ."
1		1		0	Dewulf_KleineDagen	59	1	"Nu mogen wij dat weer doen ."
1	2	1		0	Dewulf_KleineDagen	63	1	"Lachen is simpel : als hij het doet , wij ook ."
1		1	1	0	Dewulf_KleineDagen	64	1	"Maar als hij huilt , doen wij dat niet ."
1				0	Dewulf_KleineDagen	85	1	"Wij hebben hem gewild , dat geeft ons de illusie dat we iets te willen hebben ."
0				0	Dewulf_KleineDagen	85	2	"Wij hebben hem gewild , dat geeft ons de illusie dat we iets te willen hebben ."
1		1		0	Dewulf_KleineDagen	91	1	"Waarom wil jij altijd vechten , vraag ik in de neutrale zone van de badkamer ."
0	2			2	Japin_Vaslav	1	1	"Je moet worden wie je bent !"
0	2			2	Japin_Vaslav	1	2	"Je moet worden wie je bent !"
0				0	Japin_Vaslav	7	1	"Haar zoiets te moeten zeggen over de man op wie ze haar hele ziel heeft ingezet , voor wie ze haar lijf heeft afgebeuld tot haar spieren ervan scheurden en het bloed in haar schoenen stond ."
0				0	Japin_Vaslav	7	2	"Haar zoiets te moeten zeggen over de man op wie ze haar hele ziel heeft ingezet , voor wie ze haar lijf heeft afgebeuld tot haar spieren ervan scheurden en het bloed in haar schoenen stond ."
0				0	Japin_Vaslav	9	1	"Ze heeft voor hem gestreden als een straatmeid en hem veroverd als een strateeg ."
0	2			2	Japin_Vaslav	11	1	"Hoe kun je iemand die liefheeft voor zoiets de ogen openen ?"
1	2	1		0	Japin_Vaslav	15	1	"Het laatste wat ik wilde was haar aan het schrikken maken , maar mij doet het evengoed pijn het te moeten aanzien ."
1	2	1		0	Japin_Vaslav	16	1	"Ons allemaal hier in huis , maar mij misschien nog net iets meer ."
0				0	Japin_Vaslav	21	1	"Ik heb het haar gezegd , maar ze wilde het niet horen ."
0				0	Japin_Vaslav	26	1	"Dat is me niet in dank afgenomen ."
0	1			0	Japin_Vaslav	27	1	"Marie en Lise vielen me nog bij , maar er was er maar één de kwaaie pier , dat voelde je ."
0	2			2	Japin_Vaslav	27	2	"Marie en Lise vielen me nog bij , maar er was er maar één de kwaaie pier , dat voelde je ."
0				0	Japin_Vaslav	29	1	"En later heeft ze dat gezegd ook , dat ik mijn plaats moest weten en dat als ik die niet kende , zij mij weg zou sturen ."
1		1		0	Japin_Vaslav	29	2	"En later heeft ze dat gezegd ook , dat ik mijn plaats moest weten en dat als ik die niet kende , zij mij weg zou sturen ."
1	1	1		0	Japin_Vaslav	29	3	"En later heeft ze dat gezegd ook , dat ik mijn plaats moest weten en dat als ik die niet kende , zij mij weg zou sturen ."
0	1			0	Japin_Vaslav	31	1	"Nog geen maand later , zodra het vrede was , begon ze brieven te schrijven ."
0				0	Japin_Vaslav	32	1	"Twee , drie keer op een dag stuurde ze me naar de post ."
0	1			0	Japin_Vaslav	32	2	"Twee , drie keer op een dag stuurde ze me naar de post ."
0				0	Japin_Vaslav	34	1	"Ook zag ik de namen van al die mensen over wie ze het altijd heeft , allemaal kunstenaars , sommigen zo beroemd dat wíj er in dit dal zelfs van gehoord hebben , zogenaamde oude vrienden , al heb ik ze hier nog nooit een voet zien zetten , op wie ze al haar hoop heeft gezet ."
1	2	1		0	Japin_Vaslav	34	1	"Ook zag ik de namen van al die mensen over wie ze het altijd heeft , allemaal kunstenaars , sommigen zo beroemd dat wíj er in dit dal zelfs van gehoord hebben , zogenaamde oude vrienden , al heb ik ze hier nog nooit een voet zien zetten , op wie ze al haar hoop heeft gezet ."
0				0	Japin_Vaslav	34	2	"Ook zag ik de namen van al die mensen over wie ze het altijd heeft , allemaal kunstenaars , sommigen zo beroemd dat wíj er in dit dal zelfs van gehoord hebben , zogenaamde oude vrienden , al heb ik ze hier nog nooit een voet zien zetten , op wie ze al haar hoop heeft gezet ."
0				0	Japin_Vaslav	34	3	"Ook zag ik de namen van al die mensen over wie ze het altijd heeft , allemaal kunstenaars , sommigen zo beroemd dat wíj er in dit dal zelfs van gehoord hebben , zogenaamde oude vrienden , al heb ik ze hier nog nooit een voet zien zetten , op wie ze al haar hoop heeft gezet ."
0				0	Japin_Vaslav	36	1	"Dan trok ze de enveloppe uit mijn handen en scheurde hem open alsof haar laatste adem erin zat ."
0				0	Japin_Vaslav	37	1	"Haar blik vloog over het vel , en als het nieuws goed was drukte ze het papier tegen haar borst ."
0				0	Japin_Vaslav	38	1	" O Peter , ' verzuchtte ze een keer , ' ze zijn hem niet vergeten ! '"
0	1			0	Japin_Vaslav	38	2	" O Peter , ' verzuchtte ze een keer , ' ze zijn hem niet vergeten ! '"
1				0	Japin_Vaslav	39	1	"Toen wist ik zeker dat zij de ernst van mijn woorden niet begrepen had ."
0				0	Japin_Vaslav	40	1	"Dat ze haar zinnen erop had gezet mijnheer weer aan zijn publiek te tonen ."
0				0	Japin_Vaslav	42	1	"Zodra ik merkte dat ze voorbereidingen begon te treffen voor vandaag heb ik al mijn moed verzameld en nog een keer gesproken ."
0	2			2	Japin_Vaslav	44	1	"Ik dacht dat ik daar goed aan deed , maar je zult zien dat ik er straks de schuld van krijg , zo meteen , als het te laat is ."
0				0	Japin_Vaslav	45	1	" Het is goed bedoeld , ' zei ze , ' daar twijfel ik niet aan , maar je zit ernaast , helemaal ."
0				0	Japin_Vaslav	45	2	" Het is goed bedoeld , ' zei ze , ' daar twijfel ik niet aan , maar je zit ernaast , helemaal ."
1				0	Japin_Vaslav	46	1	"Vaslav is amper dertig , wij hebben wel zo'n drie , vier jaar waarin hij zijn volle kracht nog heeft ."
1		1		0	Japin_Vaslav	47	1	"Jij ziet toch zeker ook dat het zijn leven is ?"
1		1		0	Japin_Vaslav	50	1	"Wou jij van hem vragen dat allemaal binnen te houden , voor zichzelf , waar niemand het kan zien ?"
1				1	Japin_Vaslav	52	1	" Alstublieft mevrouw , ' heb ik gezegd , ' sommige mensen zijn nou eenmaal liever met hun dromen alleen . '"
0				0	Japin_Vaslav	60	1	"Ze kreunt even , haalt een keer diep adem alsof ze zich wil omdraaien ."
0				0	Japin_Vaslav	60	2	"Ze kreunt even , haalt een keer diep adem alsof ze zich wil omdraaien ."
0				0	Japin_Vaslav	61	1	"Ik heb mijn armen om haar heen geslagen en druk haar nog eens tegen me aan , waarop ze weer ontspant ."
0				0	Japin_Vaslav	61	2	"Ik heb mijn armen om haar heen geslagen en druk haar nog eens tegen me aan , waarop ze weer ontspant ."
0	1			0	Japin_Vaslav	62	1	"Zo lig ik het liefst , mijn hoofd tussen haar schouders , mijn onderlijf stijf tegen het hare , knieën samen opgetrokken , alsof zij mij op haar rug draagt en me veilig over donzen bergen gidst ."
1		1		0	Japin_Vaslav	62	1	"Zo lig ik het liefst , mijn hoofd tussen haar schouders , mijn onderlijf stijf tegen het hare , knieën samen opgetrokken , alsof zij mij op haar rug draagt en me veilig over donzen bergen gidst ."
1	1	1		0	Japin_Vaslav	62	2	"Zo lig ik het liefst , mijn hoofd tussen haar schouders , mijn onderlijf stijf tegen het hare , knieën samen opgetrokken , alsof zij mij op haar rug draagt en me veilig over donzen bergen gidst ."
0	1			3	Japin_Vaslav	68	1	"Ze weerkaatsen in de kloof van Lises dijen waar ik tussendoor zweef ."
0	1			0	Japin_Vaslav	69	1	"Onder me zie ik de zon in de Inn weerkaatst , een zilveren lint dat de meren van Sankt Moritz , Sils en Silvaplana doorrijgt , maar het volgende salvo schiet me wakker ."
0				0	Japin_Vaslav	69	1	"Onder me zie ik de zon in de Inn weerkaatst , een zilveren lint dat de meren van Sankt Moritz , Sils en Silvaplana doorrijgt , maar het volgende salvo schiet me wakker ."
0				0	Japin_Vaslav	73	1	"Door samengeknepen wimpers kijkt ze hoe ik vechtend met mijn onderbroek op één been door de kamer spring ."
0				0	Japin_Vaslav	75	1	"Als ik struikel , schiet ze in de lach ."
0	1			0	Japin_Vaslav	77	1	" Het kleintje , ' snikt Marie , ' ze is weg . '"
0	1			0	Japin_Vaslav	78	1	"Ik knoop mijn hemd dicht terwijl we naar beneden rennen ."
0	2			0	Japin_Vaslav	84	1	"Mooie gouvernante is me dat ."
1		1	1	0	Japin_Vaslav	86	1	"Jij moet mee om bij te lichten . '"
0	1			0	Japin_Vaslav	88	1	"Ik ga de achtertrap af naar het stookhok , drenk een rag in de petroleum , wind hem om een teerfakkel en wil die aansteken als ik me ineens bedenk ."
0				0	Japin_Vaslav	99	1	"We lopen om de villa heen het pad af naar de stallen ."
0	1			0	Kooten_Verrekijker	5	1	"Hij bivakkeerde op vreemde zolders en op schoorsteenmantels , hing aan kapstokken , stond onder aanrechten en in meterkasten , heeft zich een jaar lang schuilgehouden in een dekenkist en toch , hij staat hier voor me , bleef hij onverminderd naar zichzelf ruiken ."
1				0	Kooten_Verrekijker	6	1	"En naar mijn vader , wanneer wij samen driehoog op ons balkon stonden en hij achter mij hurkte , zijn armen om mij heen sloeg , het loodzware gevaarte voor mijn ogen hief en net zo lang het scherpstelwieltje heen en terug draaide tot ik de koeien in het weiland zo dichtbij zag staan dat de verderkijker , want zo noemde ik hem , een kijkdoos leek ."
1		1		0	Kooten_Verrekijker	6	2	"En naar mijn vader , wanneer wij samen driehoog op ons balkon stonden en hij achter mij hurkte , zijn armen om mij heen sloeg , het loodzware gevaarte voor mijn ogen hief en net zo lang het scherpstelwieltje heen en terug draaide tot ik de koeien in het weiland zo dichtbij zag staan dat de verderkijker , want zo noemde ik hem , een kijkdoos leek ."
1				0	Kooten_Verrekijker	6	3	"En naar mijn vader , wanneer wij samen driehoog op ons balkon stonden en hij achter mij hurkte , zijn armen om mij heen sloeg , het loodzware gevaarte voor mijn ogen hief en net zo lang het scherpstelwieltje heen en terug draaide tot ik de koeien in het weiland zo dichtbij zag staan dat de verderkijker , want zo noemde ik hem , een kijkdoos leek ."
1	2	1		0	Kooten_Verrekijker	12	1	"Voor mij alleen was de verderkijker veel te zwaar ."
1	1			0	Kooten_Verrekijker	18	1	"Aangezien mijn vader mij de juiste manier van verrekijken had onderwezen - je moet met beurtelings dichtgeknepen ogen het oculair blijven scherp stellen totdat de twee lensrondingen samenvallen en één grote cirkel vormen - , begon ik tien jaar later bij cowboyfilms van boven de veertien te schamperen zodra de regisseur het beeldclichétrucje van de twee kringen met hun klokhuisvormige tussenwand van stal haalde ; om ons zogenaamd te laten meekijken met de hoofdrolspeler die zijn verrekijker op de woestijn richtte , speurend of die stofwolk in de verte wellicht werd veroorzaakt door het galopperende paard van zijn naderende aartsvijand ."
0	2			2	Kooten_Verrekijker	18	2	"Aangezien mijn vader mij de juiste manier van verrekijken had onderwezen - je moet met beurtelings dichtgeknepen ogen het oculair blijven scherp stellen totdat de twee lensrondingen samenvallen en één grote cirkel vormen - , begon ik tien jaar later bij cowboyfilms van boven de veertien te schamperen zodra de regisseur het beeldclichétrucje van de twee kringen met hun klokhuisvormige tussenwand van stal haalde ; om ons zogenaamd te laten meekijken met de hoofdrolspeler die zijn verrekijker op de woestijn richtte , speurend of die stofwolk in de verte wellicht werd veroorzaakt door het galopperende paard van zijn naderende aartsvijand ."
1				1	Kooten_Verrekijker	18	3	"Aangezien mijn vader mij de juiste manier van verrekijken had onderwezen - je moet met beurtelings dichtgeknepen ogen het oculair blijven scherp stellen totdat de twee lensrondingen samenvallen en één grote cirkel vormen - , begon ik tien jaar later bij cowboyfilms van boven de veertien te schamperen zodra de regisseur het beeldclichétrucje van de twee kringen met hun klokhuisvormige tussenwand van stal haalde ; om ons zogenaamd te laten meekijken met de hoofdrolspeler die zijn verrekijker op de woestijn richtte , speurend of die stofwolk in de verte wellicht werd veroorzaakt door het galopperende paard van zijn naderende aartsvijand ."
1				0	Kooten_Verrekijker	34	1	"Wij waren de enige bezoekers van l'Harmas de Fabre , vijf kilometer buiten het Franse stadje Sérignan-du-Comtat aan een voet van de Mont Ventoux , en wij stonden , op een haar na betrapt , in de Teylers-achtige werkkamer van de entomoloog alias insectenkundige , humanist , filosoof , naturalist , docent , bioloog , wiskundige , schrijver , dichter , tekenaar en schilder Jean-Henri Fabre ( 1823-1915 ) , achter wiens piepkleine werktafel ik krap twee eerbiedige minuten had gezeten - lang genoeg om met mijn uitschuifbare mètre , die ik speciaal voor dit doel bij mij had gestoken , de maten hiervan op te nemen ."
1				0	Kooten_Verrekijker	34	2	"Wij waren de enige bezoekers van l'Harmas de Fabre , vijf kilometer buiten het Franse stadje Sérignan-du-Comtat aan een voet van de Mont Ventoux , en wij stonden , op een haar na betrapt , in de Teylers-achtige werkkamer van de entomoloog alias insectenkundige , humanist , filosoof , naturalist , docent , bioloog , wiskundige , schrijver , dichter , tekenaar en schilder Jean-Henri Fabre ( 1823-1915 ) , achter wiens piepkleine werktafel ik krap twee eerbiedige minuten had gezeten - lang genoeg om met mijn uitschuifbare mètre , die ik speciaal voor dit doel bij mij had gestoken , de maten hiervan op te nemen ."
1				0	Kooten_Verrekijker	34	3	"Wij waren de enige bezoekers van l'Harmas de Fabre , vijf kilometer buiten het Franse stadje Sérignan-du-Comtat aan een voet van de Mont Ventoux , en wij stonden , op een haar na betrapt , in de Teylers-achtige werkkamer van de entomoloog alias insectenkundige , humanist , filosoof , naturalist , docent , bioloog , wiskundige , schrijver , dichter , tekenaar en schilder Jean-Henri Fabre ( 1823-1915 ) , achter wiens piepkleine werktafel ik krap twee eerbiedige minuten had gezeten - lang genoeg om met mijn uitschuifbare mètre , die ik speciaal voor dit doel bij mij had gestoken , de maten hiervan op te nemen ."
0	2			2	Kooten_Verrekijker	39	1	"Op die foto uit 1887 zie je het knopje aan de lade als je vóór het tafeltje staat en niet wanneer je erachter zit ."
0	2			2	Kooten_Verrekijker	39	2	"Op die foto uit 1887 zie je het knopje aan de lade als je vóór het tafeltje staat en niet wanneer je erachter zit ."
0	2			2	Kooten_Verrekijker	39	3	"Op die foto uit 1887 zie je het knopje aan de lade als je vóór het tafeltje staat en niet wanneer je erachter zit ."
1				0	Kooten_Verrekijker	41	1	"Fabre moest dus opstaan en omlopen wanneer hij iets uit die schuifla wilde pakken , wat mij ongemakkelijk lijkt ."
0	1			0	Kooten_Verrekijker	45	1	"Je zoudt mij niet meer herkennen , dierbare vriend , indien je nu een blik op mijn grijze manen kon werpen ."
1				0	Kooten_Verrekijker	45	2	"Je zoudt mij niet meer herkennen , dierbare vriend , indien je nu een blik op mijn grijze manen kon werpen ."
0	1			0	Kooten_Verrekijker	45	3	"Je zoudt mij niet meer herkennen , dierbare vriend , indien je nu een blik op mijn grijze manen kon werpen ."
1	2	1		0	Kooten_Verrekijker	48	1	"En wat ben jij op jouw beurt vervallen tot een gammele ruïne , sinds de dag waarop ik je van de meubelmaker aftroggelde !"
0	1			0	Kooten_Verrekijker	48	2	"En wat ben jij op jouw beurt vervallen tot een gammele ruïne , sinds de dag waarop ik je van de meubelmaker aftroggelde !"
0	1			0	Kooten_Verrekijker	49	1	"Toen glom je van de bijenwas en nu tel je evenveel droge rimpels en doffe groeven als je meester en alles wat hij schrijft ."
0	1			0	Kooten_Verrekijker	49	2	"Toen glom je van de bijenwas en nu tel je evenveel droge rimpels en doffe groeven als je meester en alles wat hij schrijft ."
0				1	Kooten_Verrekijker	49	3	"Toen glom je van de bijenwas en nu tel je evenveel droge rimpels en doffe groeven als je meester en alles wat hij schrijft ."
1				0	Kooten_Verrekijker	50	1	"Dat zie ik maar al te goed , want in mijn ongeduld gebeurde het maar al te vaak dat ik jou een krasje met mijn pen moest geven omdat de ijzeren punt hiervan , uit de drabbige inktpot komende , anders een onleesbaar schrift zou opleveren ."
1				0	Kooten_Verrekijker	51	1	"Wat moet er van jou worden als ik er niet meer zijn zal ?"
0	1			0	Kooten_Verrekijker	52	1	"Zul je voor twintig stuivers aan de hoogste bieder worden verkocht omdat mijn nakomelingen zich nog amper om mijn geschriften en verzamelingen zullen bekommeren ?"
0	1			0	Kooten_Verrekijker	53	1	"Eindig je dan als bokje voor de wijnkruik , ergens in een hoek naast een gootsteen ?"
0	1			0	Kooten_Verrekijker	54	1	"Of zul je ten leste dienen als een aanrechtplank waar men de kool op snijdt ?"
0	1			0	Kooten_Verrekijker	55	1	"Wellicht word je nog ooit gebruikt bij wijze van nachttafeltje voor de pispot en een kom kruidenthee , totdat je , totaal vervallen , afgeleefd , kreupel en met gebroken poten , in mootjes wordt gehakt om het vuur mee aan te maken onder een stoofpan vol aardappels ."
0	1			0	Kooten_Verrekijker	55	2	"Wellicht word je nog ooit gebruikt bij wijze van nachttafeltje voor de pispot en een kom kruidenthee , totdat je , totaal vervallen , afgeleefd , kreupel en met gebroken poten , in mootjes wordt gehakt om het vuur mee aan te maken onder een stoofpan vol aardappels ."
0	1			0	Kooten_Verrekijker	56	1	"En je zult in rook opgaan en die rook zal zich vermengen met de rook waarin mijn werk zal verzwinden ; de grote wolk der vergetelheid , het uiteindelijke overblijfsel van al onze ijdele inspanningen ."
1				1	Kooten_Verrekijker	58	1	"Ik ging mijn op twee adressen huizende drie bureaus schoonvegen en de verzamelde inhoud van hun veertien laden ongezien wegkieperen ."
0				2	Kooten_Verrekijker	64	1	"Dat hoor je vanuit hun doodsangst steeds meer mensen roepen : ' Ik ben van plan honderdentien te gaan worden ! '"
1				1	Kooten_Verrekijker	64	2	"Dat hoor je vanuit hun doodsangst steeds meer mensen roepen : ' Ik ben van plan honderdentien te gaan worden ! '"
1				0	Kooten_Verrekijker	70	1	"Wij weten best dat deze wens al te overmoedig is , maar door in gezelschap of tijdens een persoonlijk vraaggesprek zo'n hartekreet te slaken , hopen we het recht te verwerven dan toch ten minste de negentig te halen ."
0	1			0	Kooten_Verrekijker	70	2	"Wij weten best dat deze wens al te overmoedig is , maar door in gezelschap of tijdens een persoonlijk vraaggesprek zo'n hartekreet te slaken , hopen we het recht te verwerven dan toch ten minste de negentig te halen ."
1	1			0	Kooten_Verrekijker	71	1	"Ons voornemen gehoord hebbende , zal het voor de gelegenheid aangeroepen opperwezen toch zeker niet zo hardvochtig zijn de stekker er al uit te trekken wanneer wij nog maar een- of tweeenzeventig zijn ?"
1				0	Kooten_Verrekijker	74	1	"Toch nam ik mij muurvast voor nu zonder uitstel de hoognodige opruimwerkzaamheden te starten ."
1				0	Kooten_Verrekijker	75	1	"Eerst mijn boekenwand maar weer eens beklimmen en mij in alle redelijkheid afvragen wat ik voor mijn negentigste nog zou willen lezen of herlezen en waar ik geen tijd meer voor had of geen puf meer in ."
1				0	Kooten_Verrekijker	77	1	"In het inviterende mailtje beloofde de organisatie : ' Wij bieden u een gratis overnachting aan in een prima hotel , alsmede voorafgaande aan uw lezing een smakelijke maaltijd . '"
0	2			2	Kooten_Verrekijker	78	1	"In een Nederlands hotel , zoals mijn vader ze bezocht in de lichtgetinte jaren vijftig en zestig van de vorige eeuw , huurde je een kamer per vierentwintig uur ( ' Onze kamerprijzen gelden per etmaal ' ) ."
0	2			3	Kooten_Verrekijker	78	2	"In een Nederlands hotel , zoals mijn vader ze bezocht in de lichtgetinte jaren vijftig en zestig van de vorige eeuw , huurde je een kamer per vierentwintig uur ( ' Onze kamerprijzen gelden per etmaal ' ) ."
1				0	Kooten_Verrekijker	79	1	"U kon dus om twaalf uur 's middags arriveren , ter plaatse doen wat u te doen had , in uw hotel eten , slapen en uitslapen , desnoods lekker tot halftien blijven liggen , in bad gaan , uitgebreid ontbijten , weer even naar bed of voor de tweede maal maar nu samen met het ochtendblad badderen , en als u zich dan rond de noen met uw veel te volle koffer aan de lege receptie meldde en met uw vlakke hand op de baliebel om de rekening schelde , kwam de naar hooi geurende dochter van de eigenaar geschrokken aangehold en hijgde zij met haar wijd opengesperde korenbloemblauwe ogen : ' Gaat u ons nú al verlaten , meneer Van Kooten ?"
1				1	Kooten_Verrekijker	85	1	"Dat komt omdat de twee illegale Congolese kamermeisjes , die bij wijze van arbeidsloon het door drie à vier meelevende gasten op het nachtkastje achtergelaten kleingeld mogen opstrijken , deze zesendertig kamers elke dag opnieuw met hun beidjes aan kant moeten maken en zij dit heidense karwei echt niet sneller dan in vijfenhalf uur kunnen klaren ."
1				0	Kooten_Verrekijker	85	2	"Dat komt omdat de twee illegale Congolese kamermeisjes , die bij wijze van arbeidsloon het door drie à vier meelevende gasten op het nachtkastje achtergelaten kleingeld mogen opstrijken , deze zesendertig kamers elke dag opnieuw met hun beidjes aan kant moeten maken en zij dit heidense karwei echt niet sneller dan in vijfenhalf uur kunnen klaren ."
1				0	Kooten_Verrekijker	86	1	"En dan moeten deze desondanks goedlachse slavinnen , voordat zij weer vertrekken , ook nog de drie kubieke meter grote afwasmachine leeghalen , waarin al het gereinigde serviesgoed , bestek en glaswerk van de vorige avond dag in dag uit circa tien uur achter de gesloten gebleven klep op dit uitruimen heeft liggen wachten , wat ten gevolge heeft dat uw wijnglas een bittere putlucht wasemt ; een brakke geur waartegen het bouquet van zelfs de allervolste bourgogne het onderspit delft , en aangezien ik er verstand van heb omdat ik thuis en buitenshuis per jaar plusminus 365 flessen wijn drink , heb ik altijd mijn eigen Duralexglas bij mij , waar ik in negen van de tien gevallen dan ook opgelucht naar grijp ."
1				0	Kooten_Verrekijker	86	2	"En dan moeten deze desondanks goedlachse slavinnen , voordat zij weer vertrekken , ook nog de drie kubieke meter grote afwasmachine leeghalen , waarin al het gereinigde serviesgoed , bestek en glaswerk van de vorige avond dag in dag uit circa tien uur achter de gesloten gebleven klep op dit uitruimen heeft liggen wachten , wat ten gevolge heeft dat uw wijnglas een bittere putlucht wasemt ; een brakke geur waartegen het bouquet van zelfs de allervolste bourgogne het onderspit delft , en aangezien ik er verstand van heb omdat ik thuis en buitenshuis per jaar plusminus 365 flessen wijn drink , heb ik altijd mijn eigen Duralexglas bij mij , waar ik in negen van de tien gevallen dan ook opgelucht naar grijp ."
0	2			2	Kooten_Verrekijker	91	1	"Voor de zoveelste keer opzoeken hoe je ueovre ook alweer schrijft ."
1	2			0	Kooten_Verrekijker	96	1	"In Hotel Antiek te Helden , dat in geen enkel opzicht lijkt op zo'n boven omschreven hotel , bereidde het toeval mij twee aangename verrassingen ."
1				0	Kooten_Verrekijker	99	1	"De herbergierster kon mij zelfs vertellen waar mijn vader altijd zat in het restaurantgedeelte ."
1		1		0	Kooten_Verrekijker	100	1	"Zij was toen zelf nog maar een meisje en had hem meermalen bediend ."
1				0	Mitchell_NietVerhoordeGebeden	2	1	"De bruid voor wie wij dansen"
1				0	Mitchell_NietVerhoordeGebeden	10	1	" Hoort u mij ? '"
0	1			0	Mitchell_NietVerhoordeGebeden	13	1	" Ze heeft , ' zegt de dienstmeid die de lamp ophoudt , ' al urenlang nauwelijks iets gezegd . '"
0	1			0	Mitchell_NietVerhoordeGebeden	17	1	"Ze slaakt een zwakke zucht ."
0				0	Mitchell_NietVerhoordeGebeden	19	1	"Ze is vanavond zelfs te uitgeput , denkt Orito , om de dood te vrezen ."
1				0	Mitchell_NietVerhoordeGebeden	20	1	"Door het mousselinen gordijn heen fluistert de geneesheer Maeno : ' Ik wilde mij er zelf van vergewissen hoe het kind ligt , doch ' - de bejaarde geleerde kiest zijn woorden met zorg - ' dit schijnt niet gepermitteerd . '"
0	1			0	Mitchell_NietVerhoordeGebeden	23	1	"Orito tilt het bebloede laken op en ziet waarvoor ze al gewaarschuwd was : het slappe armpje van de foetus dat tot aan de schouder uit de vagina van Kawasemi steekt ."
1				0	Mitchell_NietVerhoordeGebeden	33	1	" Kindje is dood , ' antwoordt Orito in dezelfde taal , ' en als zij niet van kind wordt verlost , sterft ook moeder weldra . '"
0	1			0	Mitchell_NietVerhoordeGebeden	34	1	"Ze plaatst haar vingertoppen op Kawasemi's gezwollen buik en drukt op de bolling rond de naar binnen gekeerde navel ."
0	1			0	Mitchell_NietVerhoordeGebeden	36	1	"Ze knielt neer tussen Kawasemi's gespreide benen , ziet hoe smal het bekken is , en ruikt aan de naar buiten puilende schaamlippen ."
0	1			0	Mitchell_NietVerhoordeGebeden	37	1	"Ze bespeurt de moutachtige mengeling van klonterig bloed en ontlasting , maar niet de stank van een verrotte foetus ."
0	1			0	Mitchell_NietVerhoordeGebeden	40	1	"De meid is nog met stomheid geslagen omdat ze zojuist een vreemde taal heeft horen spreken ."
0				0	Mitchell_NietVerhoordeGebeden	45	1	" Dokter Maeno , bent u het met me eens dat hier sprake is ' - ze gebruikt het Hollandse woord - ' van een "" dwarsligging "" ? '"
0	1			0	Mitchell_NietVerhoordeGebeden	45	2	" Dokter Maeno , bent u het met me eens dat hier sprake is ' - ze gebruikt het Hollandse woord - ' van een "" dwarsligging "" ? '"
1				1	Mitchell_NietVerhoordeGebeden	46	1	" Wellicht , ' zegt de geneesheer in hun geheimtaal , ' doch zonder nader onderzoek ... '"
0				0	Mitchell_NietVerhoordeGebeden	52	1	" Mijn vader heeft me verteld , ' zegt Orito , ' dat dokter Uragami zou toezien op de bevalling . '"
1	2			0	Mitchell_NietVerhoordeGebeden	57	1	" Kamerling Tomine heeft de Magistraat vervolgens overgehaald mij te ontbieden ."
1				0	Mitchell_NietVerhoordeGebeden	60	1	"... en vervloekt zij die Uragami , denkt ze , vanwege zijn noodlottige onwil om gezichtsverlies te lijden ..."
0	1			0	Mitchell_NietVerhoordeGebeden	60	2	"... en vervloekt zij die Uragami , denkt ze , vanwege zijn noodlottige onwil om gezichtsverlies te lijden ..."
1				1	Mitchell_NietVerhoordeGebeden	61	1	"Plotseling staken de kikkers hun gekwaak zodat ineens , alsof er een gordijn van geluid wordt weggetrokken , het gedruis van Nagasaki te horen is , waar de behouden aankomst van het Hollandse schip wordt gevierd ."
1				0	Mitchell_NietVerhoordeGebeden	62	1	" Indien het kind dood is , ' zegt Maeno in het Hollands , ' moeten wij het nu verwijderen . '"
1				0	Mitchell_NietVerhoordeGebeden	64	1	"Orito verzoekt de huishoudster om warm water en wat repen linnen , en ontkurkt een flesje vlugzout onder de neus van de concubine , zodat zij enkele ogenblikken helder zal zijn ."
1				0	Mitchell_NietVerhoordeGebeden	65	1	" Juffrouw Kawasemi , wij gaan de komende minuten uw kindje ter wereld brengen ."
0				0	Mitchell_NietVerhoordeGebeden	69	1	" We moeten haar vertellen , ' stelt dokter Maeno in het Hollands aan Orito voor , ' dat het kind dood is ."
0				0	Mitchell_NietVerhoordeGebeden	74	1	"Sta klaar om het tussen de tanden van uw meesteres te proppen , anders bijt ze wellicht haar tong af ."
1				0	Mitchell_NietVerhoordeGebeden	75	1	"Laat aan weerszijden wat ruimte , zodat zij kan ademen ."
0				0	Mitchell_NietVerhoordeGebeden	78	1	"Orito wurmt haar vingers tussen de biceps van de foetus en de gescheurde schaamlip van de moeder , totdat ze tot halverwege haar pols in de vagina van Kawasemi zit ."
0	1			0	Mitchell_NietVerhoordeGebeden	80	1	" Het spijt me , ' zegt Orito , ' het spijt me ... '"
0	1			0	Mitchell_NietVerhoordeGebeden	80	2	" Het spijt me , ' zegt Orito , ' het spijt me ... '"
1				0	Mitchell_NietVerhoordeGebeden	82	1	"Als de dwarsligging zodanig is , herinnert Orito zich , dat de ruggengraat van de foetus zo ver is doorgebogen dat het hoofdje tussen de enkels zit , zoals bij een Chinese acrobaat , dan moet zij het armpje van de foetus amputeren , het lijkje met een getande verlostang uit elkaar halen , en onderdeel na gruwelijk onderdeel naar buiten brengen ."
1				0	Mitchell_NietVerhoordeGebeden	84	1	"Als er bij de dwarsligging echter sprake is van een normale foetushouding , zo heeft Orito gelezen , en de knietjes tegen de borst gedrukt zijn , kan zij het armpje eraf zagen , de foetus draaien , haakjes in de oogkassen steken en het hele lijfje eruit trekken , het hoofdje eerst ."
0	1			0	Mitchell_NietVerhoordeGebeden	93	1	"Ze trekt haar hand terug en meldt : ' De navelstreng is vrij ."
0	1			0	Mitchell_NietVerhoordeGebeden	96	1	" We kunnen proberen kind ter wereld te brengen ' - ze schakelt over op het Hollands - ' zonder arm te amputeren ."
0	1			0	Mitchell_NietVerhoordeGebeden	96	2	" We kunnen proberen kind ter wereld te brengen ' - ze schakelt over op het Hollands - ' zonder arm te amputeren ."
1				0	Mitchell_NietVerhoordeGebeden	99	1	"Dokter Maeno zegt tegen de kamerling : ' Om het leven van juffrouw Kawasemi te redden , móét ik het bevel van de Magistraat veronachtzamen en mij bij de vroedvrouw achter het gordijn voegen . '"
0	1			0	Siebelink_Oscar	20	1	"Hoe zou ze hem tegemoet treden ?"
1				0	Siebelink_Oscar	34	1	"Meer dan vijf jaar had zij niets van zich laten horen ."
1				0	Siebelink_Oscar	37	1	"Totdat zij hem in juni '45 een kort bericht stuurde ."
1				0	Siebelink_Oscar	41	1	"Zij kreeg hem in het oog , kwam op hem toe , greep zijn hand ."
0	1			0	Siebelink_Oscar	43	1	"Ze liepen samen naar de kist , bleven bij het hoofdeinde staan , staarden naar het deksel van blank hout , de koperen handgrepen ."
1				0	Siebelink_Oscar	45	1	"Zij legde een moment haar hoofd tegen zijn schouder , fluisterde :"
0	1			0	Siebelink_Oscar	51	1	"Op de andere stonden ze uitdagend , sigaret wat achteloos tussen de lippen , aan weerszijden van een legervoertuig , één voet op de geribbelde treeplank ."
0	2			0	Siebelink_Oscar	52	1	"Hij legde ze naast elkaar op de kist ."
0	2			0	Siebelink_Oscar	53	1	"Hij had ze willen sturen , maar het was gepaster ze persoonlijk te overhandigen ."
0	2			0	Siebelink_Oscar	53	2	"Hij had ze willen sturen , maar het was gepaster ze persoonlijk te overhandigen ."
0	2			0	Siebelink_Oscar	54	1	"Esmée nam ze in de hand , staarde er langdurig naar , legde ze zonder iets te zeggen terug op de kist ."
0	2			0	Siebelink_Oscar	54	2	"Esmée nam ze in de hand , staarde er langdurig naar , legde ze zonder iets te zeggen terug op de kist ."
1				0	Siebelink_Oscar	55	1	"Hij hield haar beide handen vast , zij snikte zacht , gaf zich over aan haar verdriet ."
0				2	Siebelink_Oscar	61	1	"Je kunt het niet bedenken ."
0	1			0	Siebelink_Oscar	64	1	"Ze deed geen poging hem af te weren ."
0	2			0	Siebelink_Oscar	65	1	"Oscar boog zich naar haar handen , kuste de kleine , slanke vingers , bracht ze naar zijn mond , wilde ze nooit meer loslaten ."
0	2			0	Siebelink_Oscar	65	2	"Oscar boog zich naar haar handen , kuste de kleine , slanke vingers , bracht ze naar zijn mond , wilde ze nooit meer loslaten ."
0				0	Siebelink_Oscar	68	1	" Ik zal er altijd voor je zijn , Esmée ."
0	1			0	Siebelink_Oscar	69	1	"Dat weet je toch ? '"
0	1			0	Siebelink_Oscar	74	1	" Dat weet je toch ? '"
1				0	Siebelink_Oscar	76	1	"Zij weerde hem af ."
0	1			0	Siebelink_Oscar	89	1	"Ze had hem gevraagd haar te vergezellen naar Noord-Frankrijk , wilde de plaats zien waar haar man was omgekomen , de weg volgen die hij met zijn vriend had afgelegd ."
0	1			0	Siebelink_Oscar	91	1	"Ze had kort en zakelijk gesproken , geen toespeling gemaakt op het gebeurde in het opbaarvertrek ."
0	1			0	Siebelink_Oscar	93	1	"En wát vind je terug ?"
0				0	Siebelink_Oscar	98	1	"Maar het lage dijkje waarachter ze zich verscholen hadden ?"
0				0	Siebelink_Oscar	99	1	"En wat wist Oscar zich nog te herinneren van de weg die ze vanaf Breskens naar het zuiden hadden afgelegd ?"
1				0	Springer_Quadriga	3	1	"1998 - In het vliegtuig naar Berlijn-Tegel zat aan de andere kant van het gangpad een man die mij meteen bekend voorkwam , en ik hem ."
1				0	Springer_Quadriga	4	1	"Wij wierpen elkaar zijdelings dezelfde verbaasde blik toe ."
1				0	Springer_Quadriga	5	1	"Over het gangpad reikten wij elkaar de hand ."
1				0	Springer_Quadriga	13	1	"Behrman had mij dit alles indertijd verteld met wat op grimmig masochisme leek ."
1				0	Springer_Quadriga	15	1	"Wij zweefden boven Tegel ."
0	2			0	Springer_Quadriga	18	1	"Weemoed naar wat verschwunden is , Ostalgie noemen ze dat hier zo aardig ."
1	2			0	Springer_Quadriga	21	1	"Vooral met die ' weemoed ' had hij gelijk wat mij aanging : net zomin als hij had ik nog iets te zoeken in wat toen door de communistische leiders trots ' die Hauptstadt der ddr ' genoemd werd , maar voor velen in West-Duitsland hardnekkig ' die Ostzone ' bleef ."
1				0	Springer_Quadriga	22	1	"Na aankomst op Tegel vonden wij het allebei vanzelfsprekend dat we ons samen in een taxi naar Hotel Metropol lieten rijden ."
0				0	Springer_Quadriga	22	2	"Na aankomst op Tegel vonden wij het allebei vanzelfsprekend dat we ons samen in een taxi naar Hotel Metropol lieten rijden ."
1				0	Springer_Quadriga	30	1	"Wij hadden op die onoverzichtelijke avond in november '89 niet echt afscheid van elkaar genomen , hoewel het onze gewoonte was de dag af te sluiten met een borrel in de hotelbar ."
1				0	Springer_Quadriga	32	1	"Maar die laatste avond had hij voor niets op mij zitten wachten ."
1				0	Springer_Quadriga	33	1	"Veel van wat hij mij tijdens onze avondsessies vertelde reproduceerde ik zonder bronvermelding , als uit eigen waarneming , en dat vond hij best ."
1	2			0	Springer_Quadriga	34	1	"Hij noemde zelden namen van zijn zegslieden , want , zei hij naar mij voorovergebogen : ' Feind hört mit ! '"
1	1			0	Springer_Quadriga	36	1	"Zijn contacten binnen partijapparaat , regering en Humboldt-universiteit waren fenomenale informatiebronnen - als hij mij tenminste niet verneukte , maar ik had geen enkele reden om aan te nemen dat hij de vaak sappige anekdotes over wat er zich afspeelde achter de schermen en façaden van ' die Partei ' uit zijn duim zoog ."
1				0	Springer_Quadriga	38	1	"Hij had mij bijvoorbeeld , smakelijk gniffelend , en in ' versluierde ' termen vanwege de bloemenvaasjes , zijn bezoeken aan het oord Wandlitz beschreven , waar hij ( naar eigen zeggen ) diverse malen zeer persoonlijke en openhartige gesprekken had gevoerd met topleiders van het regime , die daar op een kluitje en in ' splendid isolation ' huisden , op veilige afstand van Berlijn , in fraaie bosrijke omgeving en in goedburgerlijke omstandigheden ; en ook voorzien van alle westerse consumptieve gemakken ."
1	2			0	Springer_Quadriga	46	1	" Leve de autarkie , ' zei hij een keer , meer tegen het vaasje bloemen dan tegen mij gericht , ' maar halsstarrig als de lemmingen in Europa's hoogste Noorden hollen zij de afgrond tegemoet ."
1				0	Springer_Quadriga	46	1	" Leve de autarkie , ' zei hij een keer , meer tegen het vaasje bloemen dan tegen mij gericht , ' maar halsstarrig als de lemmingen in Europa's hoogste Noorden hollen zij de afgrond tegemoet ."
1				0	Springer_Quadriga	49	1	" Hoe wéét jij dat nou allemaal ? ' werd mij dan gevraagd ."
1				0	Springer_Quadriga	49	2	" Hoe wéét jij dat nou allemaal ? ' werd mij dan gevraagd ."
0	1			0	Springer_Quadriga	52	1	"Ze waarschuwden mij ook , zorgzaam als ze waren voor de veiligheid van hun stercorrespondent : ' Als dat maar goed met jou afloopt ."
1				0	Springer_Quadriga	52	2	"Ze waarschuwden mij ook , zorgzaam als ze waren voor de veiligheid van hun stercorrespondent : ' Als dat maar goed met jou afloopt ."
0	1			0	Springer_Quadriga	52	3	"Ze waarschuwden mij ook , zorgzaam als ze waren voor de veiligheid van hun stercorrespondent : ' Als dat maar goed met jou afloopt ."
1				1	Springer_Quadriga	52	4	"Ze waarschuwden mij ook , zorgzaam als ze waren voor de veiligheid van hun stercorrespondent : ' Als dat maar goed met jou afloopt ."
1	2			0	Springer_Quadriga	52	5	"Ze waarschuwden mij ook , zorgzaam als ze waren voor de veiligheid van hun stercorrespondent : ' Als dat maar goed met jou afloopt ."
0				1	Springer_Quadriga	54	1	"Die komen er zeker achter wie je bronnen zijn en dan wordt meneer Somers in het gunstigste geval het land uit geflikkerd . '"
1				0	Springer_Quadriga	57	1	"Zo maakte ik mij ervan af ."
0	1		1	0	Springer_Quadriga	58	1	"Ze hadden het in Amsterdam maar te pikken ."
1	2	1		0	Springer_Quadriga	59	1	"Achteraf heeft het ook mij wel verbaasd dat ik nooit moeilijkheden met Stasi of andere organen heb gehad ."
1				0	Springer_Quadriga	61	1	"Maar nee , geen glimmende regenjassen en gleufhoeden 's nachts aan de deur van mijn hotelkamer , geen enkele toespeling op mijn geschrijf van de kant van het Presseamt , waar ik mij bij ieder bezoek aan de ddr nederig meldde , nooit gezeur met visa , altijd even hoffelijk en hulpvaardig , die naamloze , gezichtloze onderknuppels van Herr Schulze , die natuurlijk ook niet zo heette ."
0	1			0	Springer_Quadriga	62	1	"Ik heb nooit kunnen vaststellen dat ze mij in de gaten hielden , al deden ze dat natuurlijk wel , en zij in de eerste plaats ."
1				0	Springer_Quadriga	62	2	"Ik heb nooit kunnen vaststellen dat ze mij in de gaten hielden , al deden ze dat natuurlijk wel , en zij in de eerste plaats ."
0	1			0	Springer_Quadriga	62	3	"Ik heb nooit kunnen vaststellen dat ze mij in de gaten hielden , al deden ze dat natuurlijk wel , en zij in de eerste plaats ."
1	2	1		0	Springer_Quadriga	62	4	"Ik heb nooit kunnen vaststellen dat ze mij in de gaten hielden , al deden ze dat natuurlijk wel , en zij in de eerste plaats ."
1		1		0	Springer_Quadriga	63	1	"Zij had mij , na het gebeurde in Leipzig in september '87 , op de gebruikelijke manier , met veel tamtam , kunnen laten ontmaskeren als ordinaire Nato-spion ( en de brave Behrman erbij ) ."
1				0	Springer_Quadriga	63	2	"Zij had mij , na het gebeurde in Leipzig in september '87 , op de gebruikelijke manier , met veel tamtam , kunnen laten ontmaskeren als ordinaire Nato-spion ( en de brave Behrman erbij ) ."
1	2	1		0	Springer_Quadriga	64	1	"Ach , ik hoopte toen dat ook zij meende wat ze een enkele keer gefluisterd had , en dat zij met mijn hulp het zinkende schip wilde verlaten ."
0	1			0	Springer_Quadriga	64	2	"Ach , ik hoopte toen dat ook zij meende wat ze een enkele keer gefluisterd had , en dat zij met mijn hulp het zinkende schip wilde verlaten ."
1				0	Springer_Quadriga	64	3	"Ach , ik hoopte toen dat ook zij meende wat ze een enkele keer gefluisterd had , en dat zij met mijn hulp het zinkende schip wilde verlaten ."
1				0	Springer_Quadriga	66	1	"Ik voel nog steeds zo zeker dat zij toen echt van mij hield en voor altijd bij mij wilde blijven ."
1				0	Springer_Quadriga	66	2	"Ik voel nog steeds zo zeker dat zij toen echt van mij hield en voor altijd bij mij wilde blijven ."
1				0	Springer_Quadriga	66	3	"Ik voel nog steeds zo zeker dat zij toen echt van mij hield en voor altijd bij mij wilde blijven ."
1				0	Springer_Quadriga	67	1	"Zij beheerst , nee , zij overspoelt nog steeds mijn gedachten en gevoelens , maar ik twijfel nu of alles wat ik over haar schreef en schrijf waar gebeurd is ."
1				0	Springer_Quadriga	67	2	"Zij beheerst , nee , zij overspoelt nog steeds mijn gedachten en gevoelens , maar ik twijfel nu of alles wat ik over haar schreef en schrijf waar gebeurd is ."
1				0	Springer_Quadriga	68	1	"In mijn laatste actieve Berlijn-fase ( om het wat chic uit te drukken ) kon het mij niet meer verdommen of die gleufhoeden voor mijn deur zouden verschijnen ."
1				0	Springer_Quadriga	71	1	"Wij dronken een glas bier , Behrman en ik , gezeten voor een raam van het hotelrestaurant ."
0	2			0	Springer_Quadriga	72	1	"Het uitzicht nauwelijks veranderd , als je niet lette op de kraampjes met ' Döner Kebab ' en restaurants met ' China ' op de gevel ."
1	2			0	Springer_Quadriga	73	1	"Op een vreemde manier was alles hier toch hetzelfde als in de zomer van '87 , toen zij en ik hier een keer voor hetzelfde raam , aan hetzelfde tafeltje , hadden gezeten ."
0	2			0	Springer_Quadriga	75	1	"Voor het ondergaan van echte , onversneden Ostalgie moest je daar zijn ."
0	1			0	Springer_Quadriga	81	1	" Dat moet je Hans-Dietrich Genscher nageven , ' zei Behrman ."
0				0	Springer_Quadriga	82	1	" Die Bonner bewindsman heeft alle foute figuren er meteen na de Wende uit geschopt , maar ze wel een aoweetje meegegeven ."
0				1	Springer_Quadriga	84	1	"Strijkijzers , ijskasten , televisies , en hij laadt ook vakkundig je accu op als je autopech hebt . '"
0				2	Springer_Quadriga	84	2	"Strijkijzers , ijskasten , televisies , en hij laadt ook vakkundig je accu op als je autopech hebt . '"
1				0	Springer_Quadriga	90	1	"Hij heeft bij mijn weten nooit iemand eigenhandig de dood ingejaagd , dat heeft hij mij bezworen , en zijn rapportjes over mij aan zijn Stasi-superieuren moeten heel goedaardig geweest zijn ."
1				0	Springer_Quadriga	90	2	"Hij heeft bij mijn weten nooit iemand eigenhandig de dood ingejaagd , dat heeft hij mij bezworen , en zijn rapportjes over mij aan zijn Stasi-superieuren moeten heel goedaardig geweest zijn ."
1				0	Springer_Quadriga	98	1	"Hij nodigde mij vorige week persoonlijk telefonisch uit ."
0	1			0	Verhulst_LaatsteLiefdeVan	2	1	"Martine Withofs kon met weinig tevreden zijn in het leven , al was dat niet helemaal haar eigen verdienste : ze had nooit veel gehad , dan gaat dat weinige ergens wennen ."
1				0	Verhulst_LaatsteLiefdeVan	3	1	"Hoe dan ook ; zij kon , om maar iets te zeggen , oprecht gelukkig zijn met een teevee ."
1				0	Verhulst_LaatsteLiefdeVan	7	1	"Zij zag het levenslicht in precies die herfst van 1953 waarin het Belgisch Nationaal Instituut voor Radio-Omroep de eerste televisiebeelden op zijn te beschaven bevolking losliet : het programma Panorama met een uitzending over de Venetiaanse schilderkunst ."
0	1			0	Verhulst_LaatsteLiefdeVan	11	1	"Maar áls ze het was geweest , dan had de teevee daar dikwijls voor iets tussen gezeten ."
0	1			0	Verhulst_LaatsteLiefdeVan	12	1	"Om te beginnen had ze snel geleerd tevreden te zijn met het simpele feit dat het televisietoestel functioneerde ."
0	1			0	Verhulst_LaatsteLiefdeVan	15	1	"De kilometers die Martine alles bij elkaar heeft afgelegd terwijl ze met een antenne door de hele woonkamer liep op zoek naar een deftige ontvangst zijn niet gering en het hoeft dan ook niemand te verbazen dat zowel de overstap van antenne naar kabeltelevisie als de uitvinding van de afstandsbediening er later toe hebben bijgedragen dat Martine zich opeens om calorieën en spataders moest bekommeren ."
0	1			0	Verhulst_LaatsteLiefdeVan	17	1	"Soms lag het probleem met de ontvangst niet aan de antenne of aan de mistige weersomstandigheden , maar moest ze gewoon het toestel een paar stevige dreunen geven om het opnieuw aan de praat te krijgen ."
1				0	Verhulst_LaatsteLiefdeVan	23	1	"Staande aan haar strijkplank , geflankeerd door twee volle wasmanden ( want zij streek alles , ook kousen , ja , zelfs onderbroeken , en hulde vervolgens alles in een wolk stijfsel uit de heilige spuitbus van het merk Remy ) volgde zij de lotgevallen van de verdorven familie Channing en was zij gelukkig ."
1				0	Verhulst_LaatsteLiefdeVan	23	2	"Staande aan haar strijkplank , geflankeerd door twee volle wasmanden ( want zij streek alles , ook kousen , ja , zelfs onderbroeken , en hulde vervolgens alles in een wolk stijfsel uit de heilige spuitbus van het merk Remy ) volgde zij de lotgevallen van de verdorven familie Channing en was zij gelukkig ."
1				0	Verhulst_LaatsteLiefdeVan	23	3	"Staande aan haar strijkplank , geflankeerd door twee volle wasmanden ( want zij streek alles , ook kousen , ja , zelfs onderbroeken , en hulde vervolgens alles in een wolk stijfsel uit de heilige spuitbus van het merk Remy ) volgde zij de lotgevallen van de verdorven familie Channing en was zij gelukkig ."
0	1			0	Verhulst_LaatsteLiefdeVan	24	1	"Niet dat ze dan van haartop tot teentip doorweekt was van geluk zoals het werd voorgesteld in de reclamefilmpjes van Timotei haarshampoo , de endorfines stroomden om het zo te zeggen niet rijkelijk door haar bloedvaten , neen , het was eerder de tijdelijke afwezigheid van ongeluk die haar een gevoel van innerlijke vrede bezorgde ."
0	1			0	Verhulst_LaatsteLiefdeVan	25	1	"In de jaren die ze eindelijk achter zich had gelaten was ze doorgaans al aan haar tweede mand strijk begonnen wanneer haar echtgenoot straalbezopen en nog steeds in zijn werkkledij binnen kwam gestrompeld , brallend : ' Zit gij nu weeral naar dat strontprogramma op teevee te kijken ! '"
0	1			0	Verhulst_LaatsteLiefdeVan	25	2	"In de jaren die ze eindelijk achter zich had gelaten was ze doorgaans al aan haar tweede mand strijk begonnen wanneer haar echtgenoot straalbezopen en nog steeds in zijn werkkledij binnen kwam gestrompeld , brallend : ' Zit gij nu weeral naar dat strontprogramma op teevee te kijken ! '"
1				0	Verhulst_LaatsteLiefdeVan	26	1	"Hoewel zij met deze echtelijke ongehoorzaamheid het risico op een pak slaag nam , antwoordde ze hem : ' Als gij heel de avond op café zit heb ik niets anders te doen dan naar strontprogramma's te kijken ! '"
0	1			0	Verhulst_LaatsteLiefdeVan	26	2	"Hoewel zij met deze echtelijke ongehoorzaamheid het risico op een pak slaag nam , antwoordde ze hem : ' Als gij heel de avond op café zit heb ik niets anders te doen dan naar strontprogramma's te kijken ! '"
0	1			0	Verhulst_LaatsteLiefdeVan	33	1	"Maar nu was ze gelukkig , veel gelukkiger eigenlijk dan ze ooit met de hulp van Home Is Where My Children Cry was geweest , en ze nam er haar tijd voor om voluit te beseffen dát ze het was ."
0	1			0	Verhulst_LaatsteLiefdeVan	33	2	"Maar nu was ze gelukkig , veel gelukkiger eigenlijk dan ze ooit met de hulp van Home Is Where My Children Cry was geweest , en ze nam er haar tijd voor om voluit te beseffen dát ze het was ."
0	1			0	Verhulst_LaatsteLiefdeVan	33	3	"Maar nu was ze gelukkig , veel gelukkiger eigenlijk dan ze ooit met de hulp van Home Is Where My Children Cry was geweest , en ze nam er haar tijd voor om voluit te beseffen dát ze het was ."
0	1			0	Verhulst_LaatsteLiefdeVan	33	4	"Maar nu was ze gelukkig , veel gelukkiger eigenlijk dan ze ooit met de hulp van Home Is Where My Children Cry was geweest , en ze nam er haar tijd voor om voluit te beseffen dát ze het was ."
0	1			0	Verhulst_LaatsteLiefdeVan	34	1	"Hier , in dit dorpje van tien vliegenscheten groot , gelegen in het Zwarte Woud , waar ze op vakantie was , de eerste vakantie van haar met haar nieuwe man , Wannes , Impens Wannes , en het kind dat ze , samen met een paar kookpotten , een stofzuiger , een sofa en het eerder genoemde televisietoestel had overgehouden aan haar eerste huwelijk ."
0	1			0	Verhulst_LaatsteLiefdeVan	34	2	"Hier , in dit dorpje van tien vliegenscheten groot , gelegen in het Zwarte Woud , waar ze op vakantie was , de eerste vakantie van haar met haar nieuwe man , Wannes , Impens Wannes , en het kind dat ze , samen met een paar kookpotten , een stofzuiger , een sofa en het eerder genoemde televisietoestel had overgehouden aan haar eerste huwelijk ."
0	1			0	Verhulst_LaatsteLiefdeVan	36	1	"En hoewel ze weinig reden had om zich over te leveren aan een ontwakende nostalgische aard , deed deze stilte haar denken aan het straatje uit haar kinderjaren , een cul-de-sac , een straat die als een blindedarm was aangesloten op het wegennet en waarin nooit een wagen kwam ."
0	1			0	Verhulst_LaatsteLiefdeVan	39	1	"De eerste patiënt , Germaine Naessens , werd met haar negentig kilogrammen op het bagagerek van een fiets gezet en naar het hospitaal gereden , waar ze nooit levend is aangekomen ."
0	1			0	Verhulst_LaatsteLiefdeVan	44	1	"Ze keek naar de haar omringende velden , de zachte glooiingen , de bomen waarin de vogels vrolijk drukte maakten , de lucht die leek te zijn gekleurd met potlood nummer 161 uit een doos crayons van Caran d'Ache ."
0	1			0	Verhulst_LaatsteLiefdeVan	45	1	"Ze voelde de zon gezapig branden op haar armen , dacht daarbij nog niet aan huidkanker , nipte van haar kop koffie en was gelukkig , misschien wel op het hoogtepunt van haar leven ."
0	1			0	Verhulst_LaatsteLiefdeVan	46	1	"Toen vroeg haar zoon Jimmy verveeld of ze nog lang zouden blijven zitten op dat terras en was Martine al over haar hoogtepunt heen ."
0				0	Verhulst_LaatsteLiefdeVan	47	1	" Wat zou je ervan denken indien wij deze zomer eens op reis gingen ' , had Wannes gevraagd en hij voegde er meteen aan toe : ' Wij , met ons drietjes ' , waarmee hij te kennen gaf ook Jimmy , tenslotte toch het kind van een ander , te willen dulden gedurende zijn schaarse vakantiedagen ."
1				0	Verhulst_LaatsteLiefdeVan	47	2	" Wat zou je ervan denken indien wij deze zomer eens op reis gingen ' , had Wannes gevraagd en hij voegde er meteen aan toe : ' Wij , met ons drietjes ' , waarmee hij te kennen gaf ook Jimmy , tenslotte toch het kind van een ander , te willen dulden gedurende zijn schaarse vakantiedagen ."
1	2	1		0	Verhulst_LaatsteLiefdeVan	47	3	" Wat zou je ervan denken indien wij deze zomer eens op reis gingen ' , had Wannes gevraagd en hij voegde er meteen aan toe : ' Wij , met ons drietjes ' , waarmee hij te kennen gaf ook Jimmy , tenslotte toch het kind van een ander , te willen dulden gedurende zijn schaarse vakantiedagen ."
0				0	Verhulst_LaatsteLiefdeVan	49	1	"Maar blijkbaar hadden vrouwen eerst een rothuwelijk nodig vooraleer ze in staat waren verliefd op hem te worden ."
0				4	Verhulst_LaatsteLiefdeVan	55	1	"Toen hij , op de leeftijd van zevenentwintig , zijn ouders inlichtte het huis eindelijk te verlaten , zij het schandelijk genoeg voor een reeds getrouwde vrouw , had zijn vader hem verrast : ' Daar is helemaal geen schande aan , Wannes ."
0	1			0	Verhulst_LaatsteLiefdeVan	57	1	"Je hebt nu een vrouw die je niet moet roderen , ik wens je 'r alle geluk van de wereld mee . '"
0	1			0	Verhulst_LaatsteLiefdeVan	57	2	"Je hebt nu een vrouw die je niet moet roderen , ik wens je 'r alle geluk van de wereld mee . '"
0	1			0	Verhulst_LaatsteLiefdeVan	57	3	"Je hebt nu een vrouw die je niet moet roderen , ik wens je 'r alle geluk van de wereld mee . '"
0	1			0	Verhulst_LaatsteLiefdeVan	59	1	"Ze woonden nog maar samen sinds februari , op een appartement waarvoor ze een meer dan behoorlijke som huurwaarborg hadden neergeteld en dat ze als moderne mensen met tapis-plain hadden bekleed ."
0	1			0	Verhulst_LaatsteLiefdeVan	59	2	"Ze woonden nog maar samen sinds februari , op een appartement waarvoor ze een meer dan behoorlijke som huurwaarborg hadden neergeteld en dat ze als moderne mensen met tapis-plain hadden bekleed ."
0	1			0	Verhulst_LaatsteLiefdeVan	59	3	"Ze woonden nog maar samen sinds februari , op een appartement waarvoor ze een meer dan behoorlijke som huurwaarborg hadden neergeteld en dat ze als moderne mensen met tapis-plain hadden bekleed ."
0	1			0	Verhulst_LaatsteLiefdeVan	60	1	"Voorlopig aten ze nog met z'n drieën aan een keukentafeltje waarop amper plaats was voor een spelbord scrabble , om de kosten te spreiden en niet meteen hun hele uitzet bij elkaar te kopen ."
1				1	Verhulst_LaatsteLiefdeVan	60	2	"Voorlopig aten ze nog met z'n drieën aan een keukentafeltje waarop amper plaats was voor een spelbord scrabble , om de kosten te spreiden en niet meteen hun hele uitzet bij elkaar te kopen ."
0	2			2	Verhulst_LaatsteLiefdeVan	69	1	"Van vandaag op morgen kon je jouw ontslagbrief krijgen , zomaar , zonder nader commentaar , en soms zelfs zonder dank voor bewezen diensten ."
0	2			2	Verhulst_LaatsteLiefdeVan	70	1	"Je hoorde niets anders en de vakbonden hadden er het kijken naar ."
1				1	Verhulst_LaatsteLiefdeVan	71	1	"Her en der kwamen de communisten weer uit hun doofpotten gekropen ; dat was niet bepaald omdat het goed ging met de economie ."
0				0	Verhulst_LaatsteLiefdeVan	75	1	"Nu zijn moeder iemand gevonden had die ze graag zag en zij eindelijk ook zelf eens door iemand anders dan haar zoon geknuffeld werd , had de kleine Jimmy een nieuwe bron van affectie aan te boren ."
1		1		0	Verhulst_LaatsteLiefdeVan	75	2	"Nu zijn moeder iemand gevonden had die ze graag zag en zij eindelijk ook zelf eens door iemand anders dan haar zoon geknuffeld werd , had de kleine Jimmy een nieuwe bron van affectie aan te boren ."
0				3	Verhulst_LaatsteLiefdeVan	76	1	"Moederliefde , ze zou niet helemaal vervangbaar zijn volgens Freuds adepten , maar een hond kon toch veel van het vuilste psychologische herstelwerk opknappen ."
1				0	Verhulst_LaatsteLiefdeVan	78	1	"De waarheid was dat zij de kostprijs van de hondenbrokken en een leiband veel te hoog vond ."
0	2			0	Verhulst_LaatsteLiefdeVan	82	1	" Je ziet dat het niet van mij is ! '"
1	2	1		0	Verhulst_LaatsteLiefdeVan	82	2	" Je ziet dat het niet van mij is ! '"
0				0	Verhulst_LaatsteLiefdeVan	89	1	"Aangezien ze een kelder hadden wensten ze niet als iedereen mee op te gaan in de naoorlogse consumptiegekte door zich een koelkast aan te schaffen ."
0				0	Verhulst_LaatsteLiefdeVan	89	2	"Aangezien ze een kelder hadden wensten ze niet als iedereen mee op te gaan in de naoorlogse consumptiegekte door zich een koelkast aan te schaffen ."
0	1			0	Verhulst_LaatsteLiefdeVan	90	1	"Waarom zouden ze ?"
1				1	Verhulst_LaatsteLiefdeVan	96	1	"Als roquefort de tafels van de rijken sierde , wat zouden de gewone mensen dan hun neus optrekken voor een sneetje beschimmelde tarwe ?"
1				1	Verhulst_LaatsteLiefdeVan	97	1	"Zure melk werd verwerkt in een gerecht dat extremistische christenen traditioneel op Goede Vrijdag aten , uit solidariteit met het leed van hun Heer ."
0	2			2	Verhulst_LaatsteLiefdeVan	99	1	"Vroeg je Martine wat het belangrijkste artefact was van de huisvrouw , dan zou zij hebben gegokt op de schaar , waarmee je een hele hoop kortingsbonnen uit bladen kon knippen ."
1				0	Verhulst_LaatsteLiefdeVan	99	2	"Vroeg je Martine wat het belangrijkste artefact was van de huisvrouw , dan zou zij hebben gegokt op de schaar , waarmee je een hele hoop kortingsbonnen uit bladen kon knippen ."
0	2			2	Verhulst_LaatsteLiefdeVan	99	3	"Vroeg je Martine wat het belangrijkste artefact was van de huisvrouw , dan zou zij hebben gegokt op de schaar , waarmee je een hele hoop kortingsbonnen uit bladen kon knippen ."
0	1			0	Verhulst_LaatsteLiefdeVan	100	1	"Schoendozen vol kortingsbonnen bezat ze , die ze bewaarde in de kast waar ook de koekjestrommel vol mantelknopen zat ."
0	1			0	Verhulst_LaatsteLiefdeVan	100	2	"Schoendozen vol kortingsbonnen bezat ze , die ze bewaarde in de kast waar ook de koekjestrommel vol mantelknopen zat ."
